Location,Longitude,Latitude
NASA KENNEDY SPACE CENTER,-80.64694320718495,28.522781540834767
AURORA PRECISION METALS,-82.21777179065563,29.18420352935326
PLEASANT GROVE LANDFILL,-82.16805321749555,27.935003012434642
FOLEY'S DRY CLEANING,-80.92547174150377,29.022013529085193
AJAX CHEMICAL,-80.30166879644328,25.798337206518916
MCLEOD ROAD MERCURY SPILL,-81.4338478358689,28.508540470151928
DIXIE SOUTHERN INDUSTRIAL INC,-81.81394563637775,28.083930408691536
CABOT/KOPPERS,-82.32306274397692,29.67500300667946
ROME AVENUE DRUM,-82.47696096802262,27.952029702072263
CARMICHAEL DUMP,-82.3800887370272,27.819973640184728
PROSPECT ROAD CATTLE DIP VAT,-82.54299977124725,27.4013044426214
WINTERHAVEN MERCURY CLEAN-UP,-81.6890168264234,27.98353232465126
MANASOTA PLATING,-82.53324280799852,27.38754551009931
FLORIDA DEP DSCP SITE ID ERIC_4733,-82.36181784987515,27.962210115590228
"MONTCO RESEARCH PRODUCTS, INC.",-81.79305591963463,29.668613085028984
"ORLANDO SENTINEL COMMUNICATIONS CO., LLC",-81.37918899424781,28.551993439348937
TAYLOR ROAD LANDFILL,-82.2930484254887,28.00972168363189
SUNNILAND CORP,-81.26666620845295,28.801670210522623
PIPER AIRCRAFT CORP./VERO BEACH WATER & SEWER DEPARTMENT,-80.41555329735053,27.647502598294004
BORDEN CHEM CO/ TENORIC MINE,-81.79499661601771,28.061669333909727
JOINER FILL DIRT CONSTRUCTION & DEMOLITION LANDFILL,-87.04651986166253,30.654670998621484
ANGELICA TEXTILES,-82.6952503035158,27.99649333998066
SOUTH CENTRAL AVE PCE PLUME,-81.97399617940147,28.03892332858212
MARGATE FRENCH CLEANERS,-80.22764073418477,26.2402538694696
NEW BEGINNINGS CUSTOM CHROME,-83.58771219282954,30.142953184707366
CRYSTAL LAKE CLEANERS,-81.34354194691038,28.52556841312154
"LEAD ENTERPRISES, INC.",-80.25062280749,25.802890098802557
CITRA CSX DERAILMENT,-82.10325111339272,29.389822863916454
FLORIDA SMELTING COMPANY-BERMAN BROS,-81.64333044041831,30.35487365735647
MORRIS BRIDGE LANDFILL,-82.34999952184175,28.05833628448
KENCO CHEMICAL COMPANY,-81.68272666756214,30.33541318578223
"TURBO POWER, INC.",-80.3169456845548,25.831671239225212
TIFTON PROPERTY SITE,-81.9822561630803,28.039333374263567
ORLANDO GASIFICATION PLANT,-81.38666597755257,28.54583644406178
ALAFAYA TRAIL MERCURY SPILL,-81.20794908721611,28.644013259817356
USA DFSP LYNN HAVEN,-85.66963331934771,30.248078777305793
US DOD NRL UNDERWTR SOUND REF. DETACHMNT,-81.36724000509021,28.49439225005916
KASSAUF-KIMERLING BATTERY DISPOSAL,-82.3899991367013,27.967222241661695
USCG SECTOR ST PETERSBURG,-82.62651787690922,27.761938688428344
AMERICAN ELECTRIC CORP,-81.74333755332668,30.318889641760013
VARSOL SPILL,-80.2772017886219,25.804704155093823
"SOUTHERN SOLVENTS, INC.",-82.5102783714327,28.040559712606985
INTERSIL CORP,-80.60138762440492,28.030284712951506
KLONDIKE LANDFILL,-87.34972632541384,30.48222460369972
"COMBINED ROOF SERVICE, INC. FACILITY",-80.1686108511661,26.20913372502604
LANDIA CHEMICAL COMPANY,-81.97916317024877,28.039447356248584
AIRCO PLATING CO.,-80.25590176744215,25.815204113429267
CALLAWAY DRUM RECYCLING,-81.81825664443014,28.089802426323196
OWENS AVENUE LANDFILL,-81.70754142654145,30.385405979456927
CULBERTSON PLASTICS DRUM SITE,-80.27280152243478,25.892194165659145
STEWARDSHIP DRYCLEANERS,-84.28343254779267,30.40991321320312
JACKSON ATOMICS,-81.68907569940858,30.322932840945846
FORMER ARMOUR FERTILIZER AND CHEMICAL WORKS,-81.62813043301199,30.345283645737204
DORAL FLORIDA FACILITY FIRE,-80.35581065060553,25.83558531501571
TECHNITRONICS GROUNDWATER PLUME,-81.31655418573544,28.675403339935848
OCALA FOREST MYSTERY SPILL,-81.3651802951543,29.007943208737373
301 PLAZA LAUNDROMAT,-82.12423163579507,29.22197857502998
KAY LARKIN AIRPORT,-81.68502065313939,29.663613288450325
BARTOW CITY LANDFILL,-81.83499662966565,27.896670002081134
USN NAVAL AIR STA MAYPORT,-81.65666746591111,30.33000364102273
WEST FLORIDA NATURAL GAS COMPANY,-82.1341908994443,29.195683339255265
"NITRAM, INC",-82.39444106992666,27.910926420308787
AAA RADIATOR SERVICE INC.,-80.1597504917674,25.918593817654124
NATION BATTERY (NEW SITE),-80.24244161019595,25.868454093054897
FICO DIVISION OF STAUFFER CHEMICAL,-81.50743956595916,28.673123633363108
"DAVE'S CHEMICAL, INC",-82.54018935512048,28.031071672544673
HOLLINGSWORTH SOLDERLESS TERMINAL,-80.15221988823465,26.198334683318993
MATERIAL EXCHANGE CORP. LANDFILL,-82.5225115850554,28.80393411733476
DAVIS REFINING CORPORATION,-84.30382502272828,30.411625789131534
AGRICO CHEMICAL CO S PIERCE WORKS,-81.9383301171616,27.763892798898958
AMERICAN LAUNDRY AND CLEANERS (KRINGS CLEANERS),-80.9870406346457,29.142551706027433
GAO 008 - 56TH STREET TAMPA,-82.39341927268386,28.004073185212317
BRICE LUMBER AND WOOD PRESERVING CO.,-82.52194528077935,29.535003293815226
CIRCLE LEAD PRODUCTS,-82.69540792891175,27.811440496457184
AVENTURA GASWORKS DUMP,-80.14341142775491,25.94692376864535
PENSACOLA IMPORT AUTO SALVAGE,-87.26389254328951,30.42527866965545
MIKE'S TOWING,-81.4554962873031,28.630151540951125
SITKA ST. HG SPILL,-82.43977981635138,28.021243471718698
GENERAL DYNAMICS LONGWOOD,-81.32121925943058,28.71662333316929
T2 LABORATORIES INC,-81.56729135721659,30.434158647634423
LOXAHATCHEE NATIONAL WILDLIFE REFUGE,-80.21667037848222,26.49831372028822
UNITED LAUNCH ALLIANCE CCAFS DELTA IV PROGRAM,-80.57248016837598,28.499236625704818
U.S. AIR FORCE PATRICK AFB FL,-80.57509913361054,28.470103631140255
LAD-N-LASSIE ONE HOUR CLEANERS,-80.27160757445468,25.925729555085052
ELLIS ROAD/AMERICAN ELECTRIC CORP.,-81.74333353899998,30.335003664194474
SOUTHERN SPRING & STAMPING INC,-82.44062917428386,27.105627030006396
ARKLA TERRA PROPERTY,-82.31749932010638,28.057781188967546
ORDNANCE RESEARCH INSTITUTE,-86.60500383382521,30.41166755352382
PRB AREAWIDE GROUNDWATER STUDY,-82.38666601590336,27.923336352958778
"TRAVIS EXTERMINATING CO.,INC.",-80.21889235341125,27.166249184413893
"FORMER CHURCH OF GOD OF SAINT PETERSBURG, INC.",-82.67859981557093,27.748103589260335
SOUTH PARK CLEANERS,-80.2933352789699,25.668337196529187
HANNERS CLEANERS,-80.12547483893263,26.23488458332809
ECC PROPERTIES LLC,-80.25308180497726,25.803304104847317
GOLD COAST OIL SUPERFUND SITE,-80.3112019695228,25.743404226352222
"GRACE, W R & CO RIDGEWOOD MINING",-81.97833002977548,27.79333685476409
ELLIS INDUSTRIAL WAREHOUSE,-80.28833468393113,25.836671183271196
SI BON CLEANERS,-80.29389127695565,25.6688931976057
ENTREPRENEUR INC,-82.32805533947666,28.054447194511777
BIELECKI INDUSTRIES INC,-80.30833473713284,25.81639222098257
PONCE DE LEON GOLF COURSE,-81.32876020401308,29.93015411288228
"FORMER FLORIDA PLATING, INC.",-82.67235994497621,27.813813546506804
HARDRIVES DUMP,-80.18245038463273,26.08512850433474
BEGGS LANE,-87.23440427031906,30.46000089690515
CHANNELSIDE DRIVE SPILL,-82.44555966239683,27.95581354466335
JRP INVESTMENTS LLC,-81.40709906425872,28.5760334675671
CREEK HAVEN DRIVE MERCURY SPILL,-82.3067479846826,27.83659339547792
WOODCO INDUSTRACHEM INC,-81.29547703998699,28.583855350696208
PROCTOR ROAD LANDFILL,-82.42579815660804,27.27625116734922
1ST STREET MERCURY,-80.14117018355756,26.68026372484166
SEABOARD RAILROAD PONDS,-80.25890477158187,25.856119182229573
STANDARD SANITARY SUPPLIES,-80.18351084898984,26.203543773056452
OSCEOLA FOREST SITE #4,-82.6366689969516,30.18833608466837
"C. W. OWENS PEST CONTROL, INC",-81.63714543744682,30.35070665166752
CONTINENTAL BUMPER PLATING,-80.26298039385834,25.868055483429366
INTERNATIONAL CHROME ACID SPILL,-82.21052735863289,28.376692093255777
REGENCY ARTISTIC METAL REFINISHING,-82.74123094182423,28.184723862489687
CORRY FIELD LANDFILL,-87.28733046145767,30.397128903443598
DEPARTMENT OF VETERANS AFFAIRS,-80.21617183553616,25.79041397598199
COAST GUARD AIR STATION MIAMI,-80.27386447733109,25.906665169519954
19TH STREET LEAD SITE,-82.65943893542098,27.80535458041836
BROWN WOOD PRESERVING,-83.01305221568103,30.302502533556208
"ADVANCED CHEMICAL CO., INC.",-81.37946760156139,28.40120823338115
UNITED STATES AIR FORCE,-86.49327592458312,30.484389676896804
USCG GROUP KEY WEST,-81.79993478775783,24.566619454735203
USN ORLANDO TRAINING CTR,-81.33320701582096,28.560911396385528
GREAT SOUTHERN PLATING CORP.,-80.2384504824313,25.91137209140792
TNT CHEMICAL,-80.316381647527,25.84345423922849
THE VILLAGES MERCURY SPILL,-81.96076175591054,28.882513664050276
WEEKLEY LUMBER,-80.69397892494686,28.269983604897995
AUTO RESTORATION DEPOT INC,-81.81391940202884,27.546453433239975
WHITE BUMPER SERVICE INC,-80.31355171480429,25.822404233076263
BELLE GLADE MERCURY SPILL,-80.68600045021269,26.69322395461836
REICHHOLD LLC,-81.74575854794466,30.32689665387433
TAMPA MUNICIPAL INCINERATOR,-82.43333255975375,27.96667046323028
SPRAGUE ELECTRIC COMPANY,-81.3233322631739,28.715281337170193
UF CHEMICAL DISPOSAL SITE,-82.37611264300563,29.63750313171265
POST AND LUMBER PRESERVING CO INC,-84.51008408968178,30.59247725259194
CSX JAX ETHANOL DERAILMENT,-81.64250039607442,30.437503716848767
"TRI-CITY OIL CONSERVATIONIST, INC",-82.4014995944464,28.031803331662367
PIONEER SAND CO.,-87.35139337313214,30.47417170791384
HONEYWELL INC TAMPA DIV,-82.50240432348286,28.02445574260022
MUNISPORT LANDFILL,-80.15417051975696,25.908334794533395
CENTRAL FLORIDA CIRCUITS,-81.40081655803041,28.404418221982006
ST. JOE FOREST PRODUCTS,-85.30999983553251,29.820002486952582
HERON CREEK MIDDLE SCHOOL MERCURY SPILL,-82.22928984628112,27.0741349636691
PENNSYLVANIA AVE VOC PLUME,-81.20277908952251,28.63555926630873
DRY CLEAN USA,-80.24366796482055,26.121213025361804
LIONHEART INDUSTRIES ORLANDO PLATING,-81.39607899159695,28.551723453882985
CSX COTTON LAKE ROAD DERAILEMENT,-87.3236945421596,30.789047831908206
GUILLEMARD STREET PCE PLUME,-87.2175445421517,30.4286512858715
CASCADE PARK GASIFICATION PLANT,-84.27861373600783,30.499725082597745
SOUTHERN PINE DISTILLERS,-83.12166802276545,29.636669753141735
H E W SITE,-80.2344605656008,25.82411816773328
LUTZ MERCURY SITE,-82.48000372308121,28.163572633228835
TRANSPORTATION SECURITY ADMINISTRATION - FLL,-80.1505024540283,26.081625540033915
US DFSP - TAMPA,-82.53267706687733,27.85361281966409
SAPP BATTERY SALVAGE,-85.39250203775698,30.728334647293526
BOYNTON BEACH LANDFILL,-80.13055631309503,26.562503630748502
FLORIDA DEP SIS ECHOL CHEMICAL,-81.9614491431914,27.978473354107766
STILL MEADOW BATTERY,-82.25127762091098,27.914482825168204
FAIRBANKS DOT WASTE DISPOSAL,-82.33000170646028,29.66000301809023
LINDSLEY LUMBER,-80.15666818335212,26.05083679606681
FLORIDA STEEL CORP.,-80.50611111833592,27.04111486528901
LONESTAR FLORIDA PENSUCO,-80.37349230417645,25.65636441017168
STETSON RD LANDFILL,-81.6396204813127,30.270813596469345
POWELL ELECTRONICS INC,-80.16041086223528,26.20774370209509
LAKE MARY TRASH DUMP,-81.2991392633048,28.7615232741512
OKEECHOBEE BOULEVARD YARD TRASH SITE,-80.11951015415552,26.701823726945175
LEON WOOD PRESERVING,-84.28031252077555,30.393868219508462
CONTINENTAL TURPENTINE & ROSIN,-83.12166802276545,29.636669753141735
"LONNIE C. MILLER, SR. PARK",-81.72758047928231,30.390753734117705
WASHAC INDUSTRIES,-81.35055623553194,29.957782119945723
MOSS SOAP & CHEMICAL,-80.25361170603675,25.835894116441334
CHEMTRON CORP. (AKA- AIR LIQUIDE FACILITY),-81.70171050520851,30.33164365261967
NORTH 40TH STREET BATTERY,-82.41639970309878,28.03122339231367
JJ SEIFERT MACHINE,-82.47777761539767,27.6786149670002
GAINESVILLE AIRPORT,-82.33000170646028,29.66000301809023
"WALTON CLEANERS, INC.",-86.61342082871255,30.4174535295289
TRANSPORTATION SECURITY ADMINISTRATION-MCO,-81.30798982705033,28.43156532641541
ETTLINGERS PIT,-81.6433334739689,30.291670610093636
AZALEA CLEANERS,-81.3100289938753,28.545853382222635
ROUSE STEEL DRUM,-81.6449104439614,30.35061365459898
DAVIE LANDFILL,-80.34260101264692,26.069604207269737
USAF - HOMESTEAD AIR RESERVE BASE,-80.39694698836608,25.489448555883055
MARTEL LANDFILL,-82.26166775287133,29.166947657216145
LIQUID CARBONIC CORP,-80.16764118003833,26.047913835845968
MUSSELMAN STEEL FACILITY,-82.43764655507873,27.93810854106602
CHLORIDE METALS INC,-82.40170166732624,28.03984436240325
PET CHEMICALS INC,-80.31675120153751,25.84164036934518
LAUDERDALE CHEMICAL WAREHOUSE,-80.17293089412792,26.186263753859446
PRATT & WHITNEY AIRCRAFT/UNITED TECHNOLOGIES CORP.,-80.31866983753923,26.920896779389256
DESOTO MIDDLE SCHOOL MERCURY SPILL,-81.85056929015356,27.22373468622467
"CENTRAL PHOSPHATES, INC.",-82.12166408338625,28.018336035318242
CALLAWAY & SON DRUM SERVICE,-81.71471887565019,28.098058112195027
UNITCO SANITATION SERVICE,-80.3508345803807,25.85861530136935
ALLIED CHEM CORP,-85.29666682288156,29.815002495996037
WAKULLA CLEANERS,-84.37221892024444,30.191565532909014
AMERICAN BERYLLIUM CORPORATION,-82.54386276614034,27.40335243301473
EXCEL CLEANERS,-80.14425139407591,25.960623775954243
SADLER DRUM (PERRY),-83.64263421877887,30.091479217819238
DICKINSON SITE,-80.70019871353065,28.091593606425572
CAMBRIDGE INSTITUTE HG SPILL,-81.37608927445925,28.663713435567413
FORMOST FERTILIZER CHEMCIALS,-81.90295364583444,28.822584802636765
NEPTUNE TANK SERVICE SITE,-80.2094416884346,25.84196396974797
PACE ONE HOUR DRY CLEANERS,-87.15749776297605,30.601196395974327
US COAST GUARD BASE MIAMI BEACH,-80.14472386515854,25.7703927214548
US DOD USAF TYNDALL AFB RANGE,-85.58666794428034,30.087502554308248
DAVIS LANDFILL,-81.96247937408151,29.03486223912703
ASCEND PERFORMANCE MATERIALS OPERATIONS,-87.25198064240392,30.59667848854265
NORTHSHORE DRIVE DUMP,-81.67222244860183,30.37861468869865
TAMPA PRINTED CIRCUITS CORPORATION,-82.54419326529012,27.999037675974034
FORTY-THIRD STREET BAY DRUM SITE,-82.4104083214778,27.95911336583584
NAVFAC SOUTHERN DIVISION - CECIL FIELD,-81.90277817216037,30.238613465882608
"NORTHERN TELECOM ELECTRONICS, INC.",-80.07438607764463,26.7638937429723
"ERK MANUFACTURING,INC",-80.26512511369943,27.226240027872823
SAWGRASS LAKE PARK SKEET RANGE,-82.67665999184078,27.83925351499117
VOLUSIA AVENUE MERCURY SPILL,-81.85956931018875,27.210784715057784
MRI CORP (TAMPA),-82.35583178606613,27.96000309343356
AMERICAN CYANAMID CO,-87.09712952716367,30.573935261056207
REGENCY SQUARE SHOPPING CENTER,-81.59736041865064,30.31346362331872
SOUTHERN MILL CREEK PRODS CO INC,-82.3941482372033,27.998017177336383
AFFORDABLE TIRE FIRE,-81.30261919774158,28.70756330353818
MOTOROLA,-80.25466990900412,26.144947028734492
FLORIDA CYCLE SUPPLY COMPANY,-81.58010041618704,30.235413615469252
COLTEC INDUST./CEN. MOLONEY TRANSFORMERS,-81.86484545136888,27.211250440186845
PIER PROPERTY DRUM,-82.51666657673907,27.455004173980484
MARYLAND ASSEMBLIES INC,-83.58166916360894,30.113336166610342
STAUFFER CHEMICAL CO (TAMPA),-82.37055493693249,27.963059156492104
"AOC , LLC",-82.00971554039533,28.10083440809938
DANMARK SITE,-82.52794011840861,27.89155380052562
UNIVERSITY OF FL PENTABORANE CYLINDER,-82.3239716875035,29.65195299650554
"CORONET INDUSTRIES, INC.",-82.07838956913254,27.990896173628187
GRAPHICS PRODUCTS,-80.15884089009612,26.19437370552942
DRIFTWOOD CLEANERS,-81.3641591702215,28.62751341945705
RESPESS GRIMES ENGRAVING,-81.65215245876969,30.334600643627596
19TH AVENUE DRUMS,-80.23165151038206,25.902764065766053
PENSACOLA TAR & TURPENTINE,-87.15360416681165,30.491070401314577
A & H SALES,-82.50847027646311,28.007262748152616
JACKSONVILLE NAVAL AIR STATION,-81.68277751942887,30.22111358099397
BROWN'S DUMP,-81.68487046725507,30.364873682370394
FIRST CLEANERS,-80.34985831382862,27.4550934644786
LAKE CITY DOT LABORATORY,-82.64166900233596,30.191670083373907
CASCADE LANDFILL,-84.27916959941635,30.432503168515687
PINE ISLAND - EVERGLADES NATIONAL PARK,-80.5943330777478,25.38399221907308
PETROLEUM PRODUCTS CORP.,-80.16960129418771,25.99260387363245
CROSBY MOTORS,-81.72444449624932,30.367225701119764
JEA SOUTHSIDE GEN STATION,-81.76943055758036,30.42903371860252
OSCEOLA FOREST SITE #6,-82.6366689969516,30.18833608466837
USCG CROOKED RIVER LIGHT,-84.70128352603027,29.826345054547616
PEELE-DIXIE WELLFIELD SITE,-80.20555705099397,26.095281925184423
ABM HEALTHCARE SUPPORT SERVICES,-81.68906050987246,30.307903625155358
ORLANDO MERCURY SPILL,-81.28359902445101,28.57237334544371
DUBOSE OIL PRODUCTS CO.,-87.37695400383843,30.618063678636176
JONES CHEMICAL,-81.62727343386638,30.341001642265308
PLANT CITY LANDFILL,-82.12166408338625,28.018336035318242
"LA ROCHE INDUSTRIES, INC",-81.60420728782708,28.161602300407704
PINE HILLS LANDFILL,-81.45083218402378,28.604170522794313
"APPLIED ELECTRONICS TECHNOLOGY, INC.",-81.38855916744771,28.615973450850987
LEE FIELD SPOIL AREA 1,-81.66348663842469,29.989144198759757
BMI-TEXTRON,-80.07380006167699,26.793703722504794
NORMANDY PARK APARTMENTS,-82.39472170642,28.049447374957893
FORMER DRUMMOND PROPERTY,-81.04577985567008,29.23598354177002
GRACE W R & CO BONNY LAKE MINE,-81.83499662966565,27.896670002081134
PAONE PROPERTY,-82.79996017328529,27.94533313359459
FMC CORP,-82.39183514073032,27.96022827077963
SUNILAND DRY CLEANERS,-80.2933352789699,25.668337196529187
SADLER DRUM SITE,-81.99221851327921,27.894725688341442
FORMER SPELLMAN ENGINEERING,-81.36827544665279,28.563175831221137
STORAGETEK PRINTER OPS.,-80.59163363665031,28.042767721319844
THEOCHEM LABORATORIES,-82.52992827096566,28.002830705889515
FEDERAL BATTERY & CABLE MANUFACTURING CO,-80.26051162386497,25.861344136746318
"AMERICAN CREOSOTE WORKS, INC. (PENSACOLA PLANT)",-87.23666570997422,30.404720684624944
NATIONS BANK PROPERTY,-82.54665960119138,27.457924177881907
CROSS CITY DUMP (NORTH OF CROSS CITY DUMP),-83.10722311437668,29.662502681092665
ROYAL OAKS GOLDENS TAROFCEN FLA,-80.91696371023518,28.986214509932353
ASHCROFT MERCURY SPILL,-82.89237120168963,29.57287307523114
US NAVAL FD/TRNG SAUFLEY FIELD,-87.30000509334907,30.350003161409052
UMATILLA HG SPILL,-81.80830142634775,28.99525306817064
WILSON-HOPPER PIT,-80.32552164735579,25.842014256808067
USN NAVAL COASTAL SYSTEMS CTR,-85.54000154721409,30.28333665512327
SIXTY-SECOND STREET DUMP,-82.38638810628203,27.969442216875265
AMERICAN WOOD PRODUCTS,-82.59333492325463,30.178336149212285
TECO/DNR-PORT MANATEE SITE,-82.54944372766481,27.64305991612869
TRANSPORTATION SECURITY ADMIN TSA AT TAMPA INTL AIRPORT TPA,-82.5353102338207,27.977404713418565
WHITEHOUSE OIL PITS,-81.8513009806358,30.32010344321288
ORTEGA FARMS DUMP,-81.71356956717442,30.23722356072473
GEORGETOWN CHEMICAL STORAGE,-81.62443069488639,29.383473079040762
TRULY NOLEN CO.,-81.3938119851501,28.549152450680626
2858 MAHAN DRIVE MERCURY SPILL,-84.23018741672502,30.459389325870863
USDA APHIS ADC FLORIDA FIELD STA,-82.28741169614858,29.65354389210836
LINCOLN PARK,-80.16677101532844,26.12918377580021
UNIQUE ELECTRONICS INC,-81.38578889910596,28.516468442230433
PEAK OIL CO./BAY DRUM CO.,-82.34039865931557,27.970802976310807
DUNAWAY LEAD,-82.73198006764596,27.88352335555459
HILLSBOROUGH COUNTY RESOURCE RECOVERY,-82.40888822454589,27.914725469235073
TOWN OF MAYO DUMP,-83.1494460357689,30.030306118449154
"MORSAN, INC.",-80.24560150146866,25.904194115314507
PARRAMORE SURPLUS,-84.69375359581349,30.6606945569771
UNIWELD PRODUCTS INC,-80.17250110057152,26.085003824963923
REYNOLDS INDUSTRIAL PARK DUMP,-81.69666736872287,29.986670656313
ORANGE LAKE DUMP,-82.2099851230916,29.4120289372525
NORTH PORT LANDFILL,-82.2199997557339,27.057226967565477
TURNER ELECTRIC,-81.64312044551227,30.34506364991515
APF INDUSTRIES,-82.77178391405457,27.817644325615944
ZELLWOOD GROUND WATER CONTAMINATION,-81.61333118196683,28.731953762036813
CENTURION LEASING CO.,-81.71500149837304,30.354868682477044
AMELIA EARHART DRUM SITE,-80.27499155268,25.88171416717306
NOCATEE HULL CREOSOTE,-81.88333232961232,27.160004804876884
POMPANO CITY DUMP,-80.12732078853053,26.26064358138811
AERODEX PONDS,-80.21000175552315,25.818336962722427
AIRGAS CANTONMENT EXPLOSION,-87.25246564642157,30.595891496061792
US AIR FORCE (MACDILL AFB),-82.50174606636061,27.84543089425365
WHITING FIELD BLDG 2958,-87.0204205583357,30.709722357876622
BETHEL CHURCH ROAD MERCURY,-81.89077996427979,30.62741549959498
EVERGLADES FERTILIZER COMPANY FIRE-SITE,-80.16861202777977,26.122225785623467
WOODBURY CHEMICAL,-81.36476978158052,28.446671607736075
ARTCRAFT INDUSTRIES,-81.2741932501899,28.807583222715504
HILLSBOROUGH HEIGHTS LANDFILL,-82.27833108250151,27.98166960238384
BROOK FOREST DRIVE MERCURY,-87.16650304294504,30.510712318260246
DEL RAY COURT (GARDEN TERRACE APT)  MERCURY RESPONSE,-82.39993955103779,28.02834331201326
WOODBURY CHEMICAL CO. (PRINCETON PLANT),-80.41240279230404,25.5367045720881
DEERFIELD CLEANERS AND LAUNDRY INC.,-80.10245370531194,26.31944651908091
STOTT BOLT & SUPPLY CORP.,-81.74554054986265,30.32510365167562
HELENA CHEMICAL CO. (TAMPA PLANT),-82.37481198076898,27.96393417500581
"TRANS CIRCUITS, INC.",-80.07388906117912,26.795281721766077
5105 SOUTH INDIAN DRIVE SITE,-80.2951575902425,27.379811347868536
JACKSONVILLE ASH SITE,-81.67023046900977,30.344153657011365
GOODWILL MERCURY RELEASE,-80.67173876394027,28.13907363389714
US NAVAL TECH TRNG CORRY STATION,-87.29189970372637,30.40672836603406
PARK CIRCLE MERCURY SPILL,-82.44652984815025,28.01725349690638
LEESBURG THERMOMETER SITE,-81.88473158102671,28.791673893199015
SOUTHERN WOOD PIEDMONT- BUNNEL FACILITY,-81.26833295381523,29.48305960033317
W. PALM BEACH GASIFICATION PLANT,-80.05067012018131,26.71523370717425
BIG CYPRESS NATIONAL PRESERVE,-81.32138986831359,25.901415818268088
BRUNSWICK CORP DBA TECHNETICS DIVISION,-81.29195978936663,29.061163237344218
ESCAMBIA WOOD - PENSACOLA,-87.2317043114691,30.45530095717071
ATLANTIC BLVD ESTATES,-81.52562034867208,30.324283615842177
SYDNEY MINE SLUDGE PONDS,-82.20916343519386,27.929168888280604
GP PLASTICS CORP.,-80.32457160804545,25.85442425421149
UNITED CHEMICALS GULF STATES CHEM DIV,-83.9995469572813,30.478824740006548
"ITT-THOMPSON INDUSTRIES, INC",-83.40504728643745,30.47259806944633
VISION - EASE,-80.15277111986356,26.083603761892668
SOUTHERN WOOD PIEDMONT CO,-81.97195548103198,30.31609621570219
AIR PRODUCTS & CHEMICALS INC,-87.04333681617666,30.633333337784215
"MILLER INDUSTRIES, INC.",-80.22077145752777,25.922135032761265
BROWN BOVERI ELECTRIC INC,-81.33197852497226,28.815311309757277
ACME SPONGE & CHAMOIS CO INC,-82.74253883357852,28.15216975213328
STAUFFER CHEMICAL CO. (TARPON SPRINGS),-82.77569483549405,28.166669681120275
FLORIDA PETROLEUM REPROCESSORS,-80.21555706966195,26.081947969378433
IMC ACID SPILL,-82.01638578581696,27.851114767594172
CAMP GORDON JOHNSTON,-84.59940177269863,29.882403150542846
SAUFLEY C&D LANDFILL FIRE,-87.33240438260897,30.46490242734703
OMNI-VEST,-87.26000431860561,30.45333420856196
WESTINGHOUSE TORPEDO FACTORY,-80.28256065653844,26.280753945681205
WINGATE ROAD MUNICIPAL INCINERATOR DUMP,-80.18470096862923,26.144403820148582
GAO 108 - 3RD AVENUE,-82.42166942989161,27.957383426446313
CHEVRON CHEMICAL CO. (ORTHO DIVISION),-81.40888807400262,28.578892469226968
US STEEL POLYESTER UNIT,-81.83499662966565,27.896670002081134
BARKER CHEMICAL SITE,-82.67166834549425,29.03167120007526
"JACKSONVILLE SHIPYARD INC., LANDFILL",-81.74015071007793,30.369609652696283
UNION CAMP INC,-81.75000054476584,30.33472566602944
DANTZLER LUMBER & EXPORT CO,-80.14348083109638,26.2306536383089
MAT CHEMICAL,-80.34225457497482,25.861936285156123
SKRYPEK DUMP,-82.3790890400656,27.97218317190762
STANDARD AUTO BUMPER CORP.,-80.28972265939181,25.844448187176724
WEEKLY LUMBER,-82.40941031224068,27.959112360293336
ANACONDA ALUMINUM CO./MILGO ELECTRONICS CORP.,-80.25653268251043,25.843065122899684
A & E CUSTOMS INC.,-80.36360930434931,27.45583645488639
JONES RESIDENCE MERCURY INCIDENT,-81.96151605686072,28.00362330068071
FOSGATE ROAD DUMP,-81.69017984099398,28.598903457392808
NEW KROME CLEANERS,-80.47755802290283,25.473892818781003
OLD TOWN MERCURY SPILL,-82.96250171137709,29.766669310825897
LEXINGTON AVENUE  MERCURY,-87.26007378520003,30.556910601077632
FORMER INDUSTRIAL CHEMICAL & SUPPLY,-82.47670996880005,27.95455369878999
AAMCO,-81.45539199025762,28.553184504083585
DUTTONS GOVERNMENT SURPLUS,-81.5903882672473,30.22880087291652
CHEMICAL PACKAGING,-80.2200507345773,26.243593470036956
NATION BATTERY (OLD SITE),-80.23500182752373,25.795004042801473
CSXT MULBERRY,-81.97499652513298,27.89500361316645
GOLDEN TOUCH DRYCLEANERS,-80.20525336736223,25.956535989106932
OSCEOLA FOREST SITE #5,-82.6366689969516,30.18833608466837
HIGH POINT COUNTRY CLUB,-81.79450345681171,26.18654016023793
GLENN STEVENSON RESIDENCE,-82.64266994935468,27.80847361452506
MADISON COUNTY SANITARY LANDFILL,-83.39375230529534,30.501114074054822
AGRICULTURAL INSECTICIDE COMPANY,-80.66711187946689,26.682243489835177
PEOPLE'S GAS/FLORIDA SUNCOAST DOME,-82.64663987608301,27.769393639414915
SANFORD DRY CLEANERS,-81.26560521844635,28.811220209272104
FLORIDA SMELTING COMPANY-BUFFALO AVE,-81.6410004272071,30.376513672340955
NAVFAC SOUTHERN DIVISION - CECIL FIELD,-81.90277817216037,30.238613465882608
MEPCO/CENTRALAB,-80.12117699655698,26.933618655659966
PENSACOLA GASIFICATION PLANT,-87.21391460385217,30.421251373483607
SOUTHERN SANITATION SERVICE,-80.08672077080432,26.28998347536855
VEREL LANDFILL,-82.00000133265803,29.059447255546043
PINEYPOINT PHOSPHORIC PRODUCTS CO,-82.57761954948157,27.521853992893913
TAMPA RECYCLING,-82.4194594104732,27.959123410418066
MARIANNA MUNICIPAL AIRPORT,-85.18194266471399,30.83471381635598
AAA CHEMICAL,-81.6912804972543,30.329093647125486
HURLEYS DRY CLEANERS,-81.35729909077719,28.5948734153545
NATIONAL RESOURCE RECOVERY,-80.22833411920409,26.052504037679828
PRECISION FABRICATING AND CLEANING CO.,-80.77165912862185,28.432053447498756
COLEMAN-EVANS WOOD PRESERVING CO.,-81.84278194635037,30.313892462793905
DELRAY CHEMICAL COMPANY - ATLANTIC AVENUE,-80.12709045432753,26.457893580543605
FLASH CLEANERS,-80.09690077638024,26.28240350039419
DOUGLAS SCREEN PRINTERS,-81.99994412607677,28.03949646800209
LAKELAND GASIFICATION PLANT,-81.96476624242132,28.049093269226205
ALARIC AREA GW PLUME,-82.37513798422276,27.96408617591471
BROWARD COUNTY--21ST MANOR DUMP,-80.21266104231886,26.096573948625323
ASSOCIATED PAINT & PLASTICS,-80.31822364878757,25.842793240986673
WRB ENTERPRISES INC,-82.35340075366003,27.95638709406627
SUPREME 1 HOUR CLEANERS,-80.1566684735736,25.92639280860024
CANTONMENT BLACK LIQUOR SPILL,-87.32361985821053,30.60526676924173
OLUSTEE DUMP,-82.42833471185192,30.203336240441082
ABC RESEARCH CORPORATION,-82.37359162387446,29.630293119921518
TOWER CHEMICAL CO.,-81.68471861080684,28.55139233184957
PENSACOLA IRON TRIANGLE,-87.22986439075666,30.445663087029484
AMERICAN CELCURE PRSVE CORP,-81.64176044416733,30.344961648549457
POLK COUNTY FERTILIZER,-81.62329718229465,28.117002282894706
CSX SODIUM HYDROXIDE SPILL,-87.33833660520274,30.716668844371988
B & B TRITECH INC,-80.30014066846054,25.839585205879867
GIL AIRCRAFT,-80.16308388179769,26.19670771654452
CHLORIDE AUTOMOTIVE BATTERIES,-82.33343554271224,27.95036802023389
SHERWOOD MEDICAL INDUSTRIES,-81.26499960156323,29.060834253921396
OLIN CORP ON SITE BURIAL PITS,-84.22361328085246,30.175836362660295
BELLE GLADE STATE AIRPORT,-80.6666674967214,26.696670921323477
"MORSCH BERT LUMBER CO., INC.",-81.67791049006559,30.32155363771789
NWTH 54TH ST DRUMS,-80.33777970191288,25.82250428103799
JOHNS METALS,-81.70870069362725,29.634003249320134
FRUITVILLE RD DRUM,-82.52184996171714,27.337534760851458
CONTINENTAL CLEANERS,-80.21017971735121,25.83184596748657
PEOPLES GAS,-81.68268118926123,30.335420626994917
DAYTONA PLATING AND POLISHING,-81.04322180318385,29.245630656863156
ALLIED-WILLIAMS TERMINIX,-87.21891935599255,30.452014974624177
PINEY POINT HRK SITE,-82.5322397130366,27.637323930991837
LEE FIELD PIER AREA,-81.66348663842469,29.989144198759757
YELLOW WATER ROAD,-81.9717014536551,30.28030333600142
B & B ENTERPRISES RELEASE,-87.27141367543163,30.97005236871611
BUNDY S & H FABRICATING & ENG,-81.29528333981925,28.80607925641486
WOVEN WOODS DESIGN SITE,-85.17157661400019,30.822489759860407
U.S. DOE PINELLAS PLANT,-82.74686303894441,27.872333330900677
BILL JOHNS WASTE OIL SERVICE,-81.73189050223182,30.366853705495913
OCHEESEE DUMP,-85.0053026929227,30.58760428607387
NORTHGATE SINKHOLE LANDFILL,-82.45500007424536,28.04500356603048
FRENCH QUALITY CLEANERS,-80.25204049805579,25.90458713306928
FORMER SEVILLE AGRICULTURAL SITE,-81.49878058878373,29.33906298028713
RAVENSWOOD MARINA SITE,-80.16711014084919,26.06706982032377
MILEY'S RADIATOR SHOP,-82.40974697175494,27.96021336020552
AL'S RADIATOR SHOP,-81.56170344720448,27.893955885132726
PROFESSIONAL ONE HOUR CLEANERS,-87.24109051525195,30.42829836441086
STEWART PROPERTY SITE,-81.06976582108028,28.128956409641663
PALM RIVER ROAD VOC PLUME,-82.35184870288387,27.940791141925352
"ANODYNE, INC.",-80.22153245454919,25.923193035702173
HOLLOWAY OIL,-81.75361509358979,30.348310950292067
JERNIGAN TRUCKING DUMP,-82.27833108250151,27.98166960238384
LOVE DRY CLEAN,-81.39368829150396,28.304503001821175
RIO MERCURY SPILL,-82.59381962291566,27.469644155261634
CREOSOTE TANKS/TALLYRAND ROAD,-81.63016043622501,30.34060364310541
ROBBINS MFG CO INC,-81.86833217836931,26.645005013297023
NORTHEAST LAGOON,-82.31948175156133,29.678112998520405
FLORIDA STEEL CORP TAMPA MILL DIVISION,-82.37499396791719,27.957048197058672
BUCKEYE FLORIDA,-83.51916904290125,30.05333607885895
JOY LAUNDRY & DRY CLEANER,-86.63789477360382,30.457604409653616
ARCADIA CITY LANDFILL,-81.86166632325077,27.21667171441511
ZY-SOPCHOPPY BOMB RANGE,-84.49666902915666,30.060003417365074
PICKETTVILLE ROAD LANDFILL,-81.7388895065977,30.368614709321626
SUN CLEANERS,-80.09082328466181,26.651061357562778
CRAMER AND MAURER (OIL PIT) AND NEFF OIL,-80.21023108965367,26.074483958654078
TEXTRON INC/SPENCER KELLOG DIV,-87.24278267898221,30.407779665293976
AGRICO CHEMICAL CO.,-87.22560435341488,30.451201000840232
LAKE MARIE LANDFILL,-81.29833265193041,28.95000322568044
UNIVERSITY OF WEST FLORIDA MERCURY,-87.21678483956127,30.546933377674158
PARENTAL HOME RD. DUMP,-81.59086042625007,30.27421360687467
QMS CIRCUITS INC,-86.66819582145457,30.41686643516032
"EXPORT TERMINAL, INC. SITE",-80.12180312896444,25.463603709850645
ARIZONA CHEM CO INC,-85.6207811970628,30.17121278602716
BECMAR BUILDING,-81.36349916826562,28.553153425970805
OMNI PRINTING & GRAPHIC CTR,-80.15890089904369,26.19023370953818
ACCURATE PLATING & WEAPONRY INC,-82.75704928899388,27.985712206065916
ALLIED CONTAINER CORP,-81.84474902267326,30.296216374587846
STEVEN JACHLEWSKI PROPERTY,-81.96178109380747,29.20625304535517
NORTHWEST 58TH STREET LANDFILL,-80.34722066296303,25.83333529823607
US AIR FORCE HURLBURT FIELD,-86.69578781706534,30.417251385782738
MCARTHUR TERMITE AND PEST CONTROL,-81.95644611408947,28.014213262007946
OSCEOLA NATIONAL FOREST SITE 2.,-82.6366689969516,30.18833608466837
UMATILLA MERCURY SPILL,-81.62862113266706,28.936980266026616
RIVER HILLS DR. & 50TH ST. BATTERY DUMP,-82.4020825314144,28.024170305462686
EAST 23RD BATTERY,-82.45086974070016,27.971963543820358
LA  SALLE STREET PROPERTY,-82.47558995838749,27.954933692949602
NORWOOD DUMP,-81.67027844629605,30.381114690364104
TUTTLE ELEMENTARY SCHOOL,-82.50988993632288,27.344273220241504
SOLITRON MICROWAVE,-80.19916646989157,27.136670281640086
RIDGE ROAD LANDFILL,-82.70666818764195,28.30167103344899
M & M AUTO PARTS AND SALVAGE,-81.30926951198425,28.811213277841077
LIQUID TRANSFER TERMINAL ST MARKS TERMINAL,-84.20268730555857,30.158398365180567
TRI-CITY LANDFILL,-81.85002657876731,28.08439260465003
NARCOOSSEE DUMP,-81.22378887674783,28.290003328780674
5TH & CLEVELAND INCINERATOR SITE,-81.67080046975018,30.342923656618137
SCHUYLKILL METALS CORP.,-82.14305817598438,28.01083391064744
USFS OSCEOLA FOREST SITE #1,-82.6366689969516,30.18833608466837
D & B PAINT MANUFACTURING CO,-80.15823089076925,26.19439370514245
"REDWING CARRIERS, INC",-82.36098379449446,27.940596185228323
DELRAY BEACH MERCURY SPILL,-80.10078045899458,26.458533533932542
BARNES BATTERY RECYCLING,-85.42568205699548,30.72244378906322
PALM BEACH LAKES GOLF COURSE,-80.08700912334429,26.721191728371924
LONDON PLATERS INC,-80.26052167512057,25.8445141316004
BASSO CHEMICALS INC,-81.62319746413785,30.267605596066687
FMC CORP,-81.63147243765987,30.340105642443813
LEES FORMER IMPOUNDMENT,-81.25886993926987,29.466793597122336
MARGATE MERCURY RESPONSE,-80.23047074221127,26.234933882099355
JONES AVENUE VOC CONTAMINATION SITE,-81.61388918156756,28.731392761428214
MUSSELMAN PROPERTY,-82.43685354710163,27.93771253825467
1ST RECOVERY,-82.42237642743645,27.95207544056233
OLD RIDGE DRY CLEANERS,-81.59417722515585,27.901262695064418
J & J SIGNS,-82.44474993872215,28.034373514979933
HEMLOCK STREET BATTERY SITE,-82.43660954468092,27.937863538365537
SOLANA ROAD RADIATION,-81.37646040441412,30.228113937801666
GAINESVILLE GASIFICATION PLANT,-82.32304167233812,29.64550298953687
EDMOND'S SALVAGE YARD,-83.00000156414687,29.74305836589257
PRONTO CIRCUIT TECHNOLOGIES,-80.15694074874433,26.26887366116389
GULF BREEZE II,-86.60333683217499,30.41500055091129
PRECISION METAL INDUSTRIES,-80.1427688560902,26.2186786428789
JOE'S GARAGE,-81.60597574718906,26.71651540657111
SHERWIN INDUSTRIES,-82.71472916597438,28.276433033119762
DUVAL PLATING,-81.6979864973653,30.336922656089214
APAC SOUTHEAST,-86.58180383077188,30.469000504194035
OSCEOLA FOREST SITE #3,-82.6366689969516,30.18833608466837
S & S FLYING SERVICE,-85.17091272818212,30.840393894785294
CARDINAL VILLAGE PARTNERS,-81.6962505494122,30.239303566725134
MARIO CUSTOM TAILOR SITE,-80.28799213314637,25.705224177735026
ST. AUGUSTINE GAS COMPANY,-81.3191671620009,29.888893067051505
FUZZELL WHOLESALE NURSERY INC,-81.9263500610941,28.803143366543107
GULF COAST PLATING INC,-87.23039133248822,30.452922987447973
DANTZLER LUMBER INC,-81.77844567544064,30.322555589653298
"CITY INDUSTRIES, INC.",-81.29999906293504,28.6013923470547
BAYSIDE DUMP,-85.75065128901805,30.201582221806376
TARPON SPRINGS TANNERY,-82.74651481342076,28.145407730909966
RED CARPET CLEANERS,-81.68596044099053,30.405233723604546
FARCHAN LABORATORIES,-82.3611328659422,29.722235156847034
PENSACOLA WOOD TREATING INC,-87.23534170908975,30.405019675362908
"PEPPER STEEL & ALLOYS, INC.",-80.35333253066392,25.873615303191087
PERRY LUMBER COMPANY INC,-83.58901216632144,30.10481317124896
"CHEMFORM, INC.",-80.14137485563553,26.219058639066954
MIAMI DRUM SERVICES,-80.31306266938594,25.83722323149373
"BISCAYNE PARK, LLC",-80.1848516576175,25.85349388722707
BCX FACILITY,-81.6315404465983,30.321823631630227
VIRGINIA CAROLINA CHEMICAL (VCC) JACKSONVILLE,-81.63273043150929,30.35506365374497
PUTNAM RECYCLING CENTER,-81.64861157670806,29.651836333683327
PENSACOLA NAVAL AIR STATION,-87.28305905733869,30.357224859089147
FMC CORPORATION,-81.91777433023344,28.046947016251178
DOEBOY DUMP,-81.6778464526566,30.378619692241443
HARNER MERCURY,-80.83483922820871,28.512663394538972
GENERAL ELECTRIC COMPANY APPARATUS SER,-80.26116166405455,25.848194134465597
ARMAS INDUSTRIAL PRODUCTS,-80.18810172490294,25.82840388972881
17TH AVENUE LEAD,-82.64930990874215,27.787983618632214
SANFORD GASIFICATION PLANT,-81.27592925701994,28.807133226871773
FED EX COCOA,-80.77471910221146,28.406113463153254
US FOUNDRY COMPANY,-80.33373159169848,25.857974269777387
MELROSE LEAD SITE,-82.65754984800512,27.75800362572994
"ACME PLATING, INC",-80.29021167763374,25.838354187513424
HIPPS ROAD LANDFILL,-81.80556179493742,30.216942516583984
BEULAH LANDFILL,-87.34514317906763,30.513063324963692
DUNCAN AVE BATTERY CASINGS,-82.46109995385908,28.01378356473328
FLORIDA EAST COAST RAILWAY SPILL,-81.16999989437458,29.33330354148322
SUNLAND GARDENS CONDOMINIUM/BROOKSIDE MIDDLE SCHOOL PROPERTIES,-82.5264100832417,27.300154941479374
U.S. COAST GUARD JACKSONVILLE,-81.4343003849196,30.38676376742049
COCOA BEACH CHLORINE SPILL,-80.61003897062152,28.32773364730864
GAO 142 - POMPANO,-80.14311080663659,26.242903629266344
RALEIGH STREET DUMP,-82.41086024391379,27.914420478169912
REEVES SOUTHEASTERN GALVANIZING CORP.,-82.34193767814716,27.972502977718396
PINTSCH COMPRESSING GAS COMPANY GAS WORKS,-81.67654048343333,30.3297336441814
AAA METAL REFINISHING & CHROME,-82.42561847440247,27.960699437410085
OLD CITY OF TALLAHASSEE LANDFILL,-84.3316694520927,30.39389240153574
KERR-MCGEE CHEMICAL CORP - JACKSONVILLE,-81.6265004314122,30.34420364395491
BAY DRUM,-82.36399891295684,27.981413062234893
GULF COAST MEDICAL HG SPILL,-82.3372896580844,26.94556485680188
US DOD NAS KEY WEST,-81.80129278408306,24.565234450993973
EXPRESS CLEANERS,-81.42304017720907,28.305159936471675
PEC INDUSTRIES RELIANCE ELECTRIC CO,-81.45767761890292,28.457094343457605
JACKSONVILLE MILL,-81.62820042376742,30.364453657204432
WOODS DRY CLEANING & LAUNDRY,-87.25946422832682,30.464619038668516
US DOD NAS KEY WEST,-81.80129278408306,24.565234450993973
MAIN STREET MANUFACTURED GAS PLANT,-81.65588046341165,30.33336364403404
U. S. NAVAL UNDERSEA WARFARE CENTER,-80.06073812399512,26.71471771033529
LADY LAKE POST OFFICE,-81.99576173727642,28.917293593804697
STAUFFER AGRICULTURAL CHEMICALS,-80.39459827787087,27.633773621232145
NATIONAL OIL CO,-82.1206922217986,28.017900311072875
THE VILLAGES HIGH SCHOOL MERCURY RELEASE,-82.01901770633958,28.925790647016658
CENTRAL FLORIDA GASIFICATION PLANT,-81.73501668088055,28.020622169403673
"WESTINGHOUSE ELECTRIC CORP., BALDWIN",-81.96912845932472,30.302525266163148
CHEMSPRAY INC,-80.65382965563958,26.812491693177062
"UNITED METALS, INC.",-85.16805820571234,30.685836573322327
HUDSON PROPERTY,-82.01721859019655,28.092225412212805
"CLERMONT DUMP, OLD CITY OF",-81.80613042900855,28.556543459628372
NORTHWEST 20TH STREET INCINERATOR,-80.21039182123535,25.79514395810862
CHULUOTA MERCURY RESPONSE,-81.1170991883402,28.6481532626925
FAIRFAX ST. WOOD TREATERS,-81.6863944760936,30.35409567074311
